{"cameraMode":{"drawMode":0,"name":"Shaded","section":"Shading Mode"},"sceneLighting":true,"audioPlay":false,"sceneViewState":{"m_AlwaysRefresh":false,"showFog":true,"showSkybox":true,"showFlares":true,"showImageEffects":true,"showParticleSystems":true,"showVisualEffectGraphs":true,"m_FxEnabled":true},"in2DMode":false,"pivot":{"x":1.619645357131958,"y":50.137428283691409,"z":36.979888916015628},"rotation":{"x":-0.13606512546539308,"y":-0.012776978313922882,"z":-0.0017549595795571805,"w":0.9906139969825745},"size":31.31285858154297,"orthographic":false}